racename,riderposition,ridername,riderteam
Santos Tour Down Under,1,NARVÁEZ Jhonatan,UAE Team Emirates - XRG
Santos Tour Down Under,2,ROMO Javier,Movistar Team
Santos Tour Down Under,3,FISHER-BLACK Finn,Red Bull - BORA - hansgrohe
Santos Tour Down Under,4,ONLEY Oscar,Team Picnic PostNL
Santos Tour Down Under,5,TRONCHON Bastien,Decathlon AG2R La Mondiale Team
Santos Tour Down Under,6,PLAPP Luke,Team Jayco AlUla
Santos Tour Down Under,7,SHEFFIELD Magnus,INEOS Grenadiers
Santos Tour Down Under,8,GLOAG Thomas,Team Visma | Lease a Bike
Santos Tour Down Under,9,KONRAD Patrick,Lidl - Trek
Santos Tour Down Under,10,WOODS Michael,Israel - Premier Tech
Santos Tour Down Under,11,VINE Jay,UAE Team Emirates - XRG
Santos Tour Down Under,12,ROCHAS Rémy,Groupama - FDJ
Santos Tour Down Under,13,MOLLEMA Bauke,Lidl - Trek
Santos Tour Down Under,14,HARPER Chris,Team Jayco AlUla
Santos Tour Down Under,15,EULÁLIO Afonso,Bahrain - Victorious
Santos Tour Down Under,16,PORTER Rudy,Australia
Santos Tour Down Under,17,WITHEN PHILIPSEN Albert,Lidl - Trek
Santos Tour Down Under,18,ZIMMERMANN Georg,Intermarché - Wanty
Santos Tour Down Under,19,MARRIAGE Zac,Australia
Santos Tour Down Under,20,LECERF Junior,Soudal Quick-Step
Santos Tour Down Under,21,STRONG Corbin,Israel - Premier Tech
Santos Tour Down Under,22,TORRES Pablo,UAE Team Emirates - XRG
Santos Tour Down Under,23,HIGUITA Sergio,XDS Astana Team
Santos Tour Down Under,24,BAGIOLI Andrea,Lidl - Trek
Santos Tour Down Under,25,IZAGIRRE Ion,Cofidis
Santos Tour Down Under,26,CHAVES Esteban,EF Education - EasyPost
Santos Tour Down Under,27,GLIVAR Gal,Alpecin - Deceuninck
Santos Tour Down Under,28,NERURKAR Lukas,EF Education - EasyPost
Santos Tour Down Under,29,RODRÍGUEZ Cristián,Arkéa - B&B Hotels
Santos Tour Down Under,30,BENNETT George,Israel - Premier Tech
Santos Tour Down Under,31,MULUBRHAN Henok,XDS Astana Team
Santos Tour Down Under,32,PACHER Quentin,Groupama - FDJ
Santos Tour Down Under,33,TESFATSION Natnael,Movistar Team
Santos Tour Down Under,34,HUISING Menno,Team Visma | Lease a Bike
Santos Tour Down Under,35,ZWIEHOFF Ben,Red Bull - BORA - hansgrohe
Santos Tour Down Under,36,DE POOTER Dries,Intermarché - Wanty
Santos Tour Down Under,37,VERRE Alessandro,Arkéa - B&B Hotels
Santos Tour Down Under,38,GRAAT Tijmen,Team Visma | Lease a Bike
Santos Tour Down Under,39,BROWNING Fergus,Australia
Santos Tour Down Under,40,SCHMID Mauro,Team Jayco AlUla
Santos Tour Down Under,41,HOWSON Damien,Australia
Santos Tour Down Under,42,BRENNAN Matthew,Team Visma | Lease a Bike
Santos Tour Down Under,43,GODON Dorian,Decathlon AG2R La Mondiale Team
Santos Tour Down Under,44,KOERDT Bjorn,Team Picnic PostNL
Santos Tour Down Under,45,TJØTTA Martin,Arkéa - B&B Hotels
Santos Tour Down Under,46,CANAL Carlos,Movistar Team
Santos Tour Down Under,47,BYSTRØM Sven Erik,Groupama - FDJ
Santos Tour Down Under,48,SMITH Dion,Intermarché - Wanty
Santos Tour Down Under,49,LAPEIRA Paul,Decathlon AG2R La Mondiale Team
Santos Tour Down Under,50,LEEMREIZE Gijs,Team Picnic PostNL
Santos Tour Down Under,51,HERRADA Jesús,Cofidis
Santos Tour Down Under,52,KWIATKOWSKI Michał,INEOS Grenadiers
Santos Tour Down Under,53,WILLIAMS Stephen,Israel - Premier Tech
Santos Tour Down Under,54,HUBY Antoine,Soudal Quick-Step
Santos Tour Down Under,55,ASKEY Lewis,Groupama - FDJ
Santos Tour Down Under,56,LABROSSE Jordan,Decathlon AG2R La Mondiale Team
Santos Tour Down Under,57,STANNARD Robert,Bahrain - Victorious
Santos Tour Down Under,58,MACKELLAR Alastair,EF Education - EasyPost
Santos Tour Down Under,59,MOSCA Jacopo,Lidl - Trek
Santos Tour Down Under,60,OURSELIN Paul,Cofidis
Santos Tour Down Under,61,GATE Aaron,XDS Astana Team
Santos Tour Down Under,62,UHLIG Henri,Alpecin - Deceuninck
Santos Tour Down Under,63,PITHIE Laurence,Red Bull - BORA - hansgrohe
Santos Tour Down Under,64,VAN DEN BOSSCHE Fabio,Alpecin - Deceuninck
Santos Tour Down Under,65,HAMILTON Lucas,INEOS Grenadiers
Santos Tour Down Under,66,SWIFT Connor,INEOS Grenadiers
Santos Tour Down Under,67,BETTIOL Alberto,XDS Astana Team
Santos Tour Down Under,68,PESCADOR Diego,Movistar Team
Santos Tour Down Under,69,PEDERSEN Casper,Soudal Quick-Step
Santos Tour Down Under,70,DAVY Clément,Groupama - FDJ
Santos Tour Down Under,71,BELOKI Markel,EF Education - EasyPost
Santos Tour Down Under,72,SERRY Pieter,Soudal Quick-Step
Santos Tour Down Under,73,O'BRIEN Kelland,Team Jayco AlUla
Santos Tour Down Under,74,BUSATTO Francesco,Intermarché - Wanty
Santos Tour Down Under,75,VENDRAME Andrea,Decathlon AG2R La Mondiale Team
Santos Tour Down Under,76,ROULAND Louis,Arkéa - B&B Hotels
Santos Tour Down Under,77,WATSON Samuel,INEOS Grenadiers
Santos Tour Down Under,78,SWIFT Ben,INEOS Grenadiers
Santos Tour Down Under,79,ERMAKOV Roman,Bahrain - Victorious
Santos Tour Down Under,80,TEUTENBERG Tim Torn,Lidl - Trek
Santos Tour Down Under,81,SCHULTZ Nick,Israel - Premier Tech
Santos Tour Down Under,82,PAASSCHENS Mathijs,Bahrain - Victorious
Santos Tour Down Under,83,BAYER Tobias,Alpecin - Deceuninck
Santos Tour Down Under,84,VAN POPPEL Danny,Red Bull - BORA - hansgrohe
Santos Tour Down Under,85,WALKER Max,EF Education - EasyPost
Santos Tour Down Under,86,EENKHOORN Pascal,Soudal Quick-Step
Santos Tour Down Under,87,BOUCHARD Geoffrey,Decathlon AG2R La Mondiale Team
Santos Tour Down Under,88,ANDRESEN Tobias Lund,Team Picnic PostNL
Santos Tour Down Under,89,COQUARD Bryan,Cofidis
Santos Tour Down Under,90,SOLER Marc,UAE Team Emirates - XRG
Santos Tour Down Under,91,RENARD Alexis,Cofidis
Santos Tour Down Under,92,BOVEN Lars,Alpecin - Deceuninck
Santos Tour Down Under,93,VAN DER LEE Jardi Christiaan,EF Education - EasyPost
Santos Tour Down Under,94,WALLS Matthew,Groupama - FDJ
Santos Tour Down Under,95,CONCI Nicola,XDS Astana Team
Santos Tour Down Under,96,EDMONDSON Alex,Team Picnic PostNL
Santos Tour Down Under,97,EDDY Patrick,Team Picnic PostNL
Santos Tour Down Under,98,OLIVEIRA Rui,UAE Team Emirates - XRG
Santos Tour Down Under,99,EPIS Giosuè,Arkéa - B&B Hotels
Santos Tour Down Under,100,BLEDDYN Oliver,Australia
Santos Tour Down Under,101,ARNDT Nikias,Bahrain - Victorious
Santos Tour Down Under,102,BAUHAUS Phil,Bahrain - Victorious
Santos Tour Down Under,103,MÜHLBERGER Gregor,Movistar Team
Santos Tour Down Under,104,CÔTÉ Pier-André,Israel - Premier Tech
Santos Tour Down Under,105,MARIT Arne,Intermarché - Wanty
Santos Tour Down Under,106,CLARKE Simon,Israel - Premier Tech
Santos Tour Down Under,107,TODOME Yuhi,EF Education - EasyPost
Santos Tour Down Under,108,RACCAGNI NOVIERO Andrea,Soudal Quick-Step
Santos Tour Down Under,109,VAN DEN BERG Julius,Team Picnic PostNL
Santos Tour Down Under,110,ISIDORE Noa,Decathlon AG2R La Mondiale Team
Santos Tour Down Under,111,SCOTT Cameron,Australia
Santos Tour Down Under,112,SCHELLING Ide,XDS Astana Team
Santos Tour Down Under,113,MAAS Jan,Cofidis
Santos Tour Down Under,114,WELSFORD Sam,Red Bull - BORA - hansgrohe
Santos Tour Down Under,115,DEBRUYNE Ramses,Alpecin - Deceuninck
Santos Tour Down Under,116,MAHOUDO Nolann,Cofidis
Santos Tour Down Under,117,HERREGODTS Rune,UAE Team Emirates - XRG
Santos Tour Down Under,118,MACIEJUK Filip,Red Bull - BORA - hansgrohe
Santos Tour Down Under,119,GRONDIN Donavan,Arkéa - B&B Hotels
Santos Tour Down Under,120,JOHANSEN Julius,UAE Team Emirates - XRG
Santos Tour Down Under,121,DURBRIDGE Luke,Team Jayco AlUla
Santos Tour Down Under,122,STEWART Campbell,Team Jayco AlUla
Santos Tour Down Under,123,NORSGAARD Mathias,Movistar Team
Santos Tour Down Under,124,KNOX James,Soudal Quick-Step
Santos Tour Down Under,125,WALSH Liam,Australia
Santos Tour Down Under,126,MULLEN Ryan,Red Bull - BORA - hansgrohe
Santos Tour Down Under,127,HEPBURN Michael,Team Jayco AlUla
Santos Tour Down Under,128,VERMOTE Julien,Team Visma | Lease a Bike
Santos Tour Down Under,129,THOMAS Geraint,INEOS Grenadiers
Santos Tour Down Under,130,LE HUITOUZE Eddy,Groupama - FDJ
Santos Tour Down Under,131,SKERL Daniel,Bahrain - Victorious
Santos Tour Down Under,132,DEHAIRS Simon,Alpecin - Deceuninck
Santos Tour Down Under,133,PAQUOT Tom,Intermarché - Wanty
Santos Tour Down Under,134,VAN DER HOORN Taco,Intermarché - Wanty
UAE Tour,1,POGAČAR Tadej,UAE Team Emirates - XRG
UAE Tour,2,CICCONE Giulio,Lidl - Trek
UAE Tour,3,BILBAO Pello,Bahrain - Victorious
UAE Tour,4,ROMEO Iván,Movistar Team
UAE Tour,5,ONLEY Oscar,Team Picnic PostNL
UAE Tour,6,FISHER-BLACK Finn,Red Bull - BORA - hansgrohe
UAE Tour,7,CASTRILLO Pablo,Movistar Team
UAE Tour,8,LECERF Junior,Soudal Quick-Step
UAE Tour,9,TEJADA Harold,XDS Astana Team
UAE Tour,10,KONRAD Patrick,Lidl - Trek
UAE Tour,11,VAN EETVELT Lennert,Lotto
UAE Tour,12,STEINHAUSER Georg,EF Education - EasyPost
UAE Tour,13,KEPPLINGER Rainer,Bahrain - Victorious
UAE Tour,14,VINE Jay,UAE Team Emirates - XRG
UAE Tour,15,STORER Michael,Tudor Pro Cycling Team
UAE Tour,16,RUBIO Einer,Movistar Team
UAE Tour,17,RICCITELLO Matthew,Israel - Premier Tech
UAE Tour,18,GALL Felix,Decathlon AG2R La Mondiale Team
UAE Tour,19,PINARELLO Alessandro,VF Group - Bardiani CSF - Faizanè
UAE Tour,20,ARMIRAIL Bruno,Decathlon AG2R La Mondiale Team
UAE Tour,21,TARLING Joshua,INEOS Grenadiers
UAE Tour,22,KAJAMINI Florian Samuel,XDS Astana Team
UAE Tour,23,LEMMEN Bart,Team Visma | Lease a Bike
UAE Tour,24,ZWIEHOFF Ben,Red Bull - BORA - hansgrohe
UAE Tour,25,CHAVES Esteban,EF Education - EasyPost
UAE Tour,26,QUARTUCCI Lorenzo,Team Solution Tech - Vini Fantini
UAE Tour,27,GOOSSENS Kobe,Intermarché - Wanty
UAE Tour,28,LUTSENKO Alexey,Israel - Premier Tech
UAE Tour,29,GONZÁLEZ Roberto Carlos,Team Solution Tech - Vini Fantini
UAE Tour,30,EENKHOORN Pascal,Soudal Quick-Step
UAE Tour,31,PALZER Anton,Red Bull - BORA - hansgrohe
UAE Tour,32,BARTA Will,Movistar Team
UAE Tour,33,HOOLE Daan,Lidl - Trek
UAE Tour,34,BOUCHARD Geoffrey,Decathlon AG2R La Mondiale Team
UAE Tour,35,COLLEONI Kevin,Intermarché - Wanty
UAE Tour,36,HIRT Jan,Israel - Premier Tech
UAE Tour,37,VAN DER MEULEN Max,Bahrain - Victorious
UAE Tour,38,WILKSCH Hannes,Tudor Pro Cycling Team
UAE Tour,39,CÔTÉ Pier-André,Israel - Premier Tech
UAE Tour,40,MACKELLAR Alastair,EF Education - EasyPost
UAE Tour,41,DEBRUYNE Ramses,Alpecin - Deceuninck
UAE Tour,42,PETILLI Simone,Intermarché - Wanty
UAE Tour,43,DURBRIDGE Luke,Team Jayco AlUla
UAE Tour,44,THOMPSON Reuben,Lotto
UAE Tour,45,WALSCHEID Max,Team Jayco AlUla
UAE Tour,46,SWIFT Ben,INEOS Grenadiers
UAE Tour,47,RAISBERG Nadav,Israel - Premier Tech
UAE Tour,48,HERREGODTS Rune,UAE Team Emirates - XRG
UAE Tour,49,KIELICH Timo,Alpecin - Deceuninck
UAE Tour,50,CASTROVIEJO Jonathan,INEOS Grenadiers
UAE Tour,51,MULLEN Ryan,Red Bull - BORA - hansgrohe
UAE Tour,52,SBARAGLI Kristian,Team Solution Tech - Vini Fantini
UAE Tour,53,RICKAERT Jonas,Alpecin - Deceuninck
UAE Tour,54,GATE Aaron,XDS Astana Team
UAE Tour,55,VAN DER SANDE Tosh,Team Visma | Lease a Bike
UAE Tour,56,VAN HOECKE Gijs,Intermarché - Wanty
UAE Tour,57,ANDRESEN Tobias Lund,Team Picnic PostNL
UAE Tour,58,KUYPERS Gerben,Intermarché - Wanty
UAE Tour,59,PASQUALON Andrea,Bahrain - Victorious
UAE Tour,60,SAMUDIO Carlos,Team Solution Tech - Vini Fantini
UAE Tour,61,VAN POPPEL Danny,Red Bull - BORA - hansgrohe
UAE Tour,62,CARTHY Hugh,EF Education - EasyPost
UAE Tour,63,MÄRKL Niklas,Team Picnic PostNL
UAE Tour,64,EDMONDSON Alex,Team Picnic PostNL
UAE Tour,65,HEIDUK Kim,INEOS Grenadiers
UAE Tour,66,SCHELLING Ide,XDS Astana Team
UAE Tour,67,DONALDSON Robert,Team Jayco AlUla
UAE Tour,68,GHYS Robbe,Alpecin - Deceuninck
UAE Tour,69,DE SCHUYTENEER Steffen,Lotto
UAE Tour,70,VERMEERSCH Florian,UAE Team Emirates - XRG
UAE Tour,71,BAUHAUS Phil,Bahrain - Victorious
UAE Tour,72,GHEBREIGZABHIER Amanuel,Lidl - Trek
UAE Tour,73,VAN DER LEE Jardi Christiaan,EF Education - EasyPost
UAE Tour,74,LEONARD Michael,INEOS Grenadiers
UAE Tour,75,PEDERSEN Casper,Soudal Quick-Step
UAE Tour,76,NOVAK Domen,UAE Team Emirates - XRG
UAE Tour,77,PHILIPSEN Jasper,Alpecin - Deceuninck
UAE Tour,78,MILAN Jonathan,Lidl - Trek
UAE Tour,79,MERLIER Tim,Soudal Quick-Step
UAE Tour,80,DILLIER Silvan,Alpecin - Deceuninck
UAE Tour,81,BISSEGGER Stefan,Decathlon AG2R La Mondiale Team
UAE Tour,82,MACIEJUK Filip,Red Bull - BORA - hansgrohe
UAE Tour,83,REINDERS Elmar,Team Jayco AlUla
UAE Tour,84,MORO Manlio,Movistar Team
UAE Tour,85,CURRIE Logan,Lotto
UAE Tour,86,PEDERSEN Rasmus Søjberg,Decathlon AG2R La Mondiale Team
UAE Tour,87,ZANONCELLO Enrico,VF Group - Bardiani CSF - Faizanè
UAE Tour,88,SU Haoyu,XDS Astana Team
UAE Tour,89,THIJSSEN Gerben,Intermarché - Wanty
UAE Tour,90,THEUNS Edward,Lidl - Trek
UAE Tour,91,FORTIN Filippo,Team Solution Tech - Vini Fantini
UAE Tour,92,RAJOVIĆ Dušan,Team Solution Tech - Vini Fantini
UAE Tour,93,CIMOLAI Davide,Movistar Team
UAE Tour,94,VAN LERBERGHE Bert,Soudal Quick-Step
UAE Tour,95,LEIJNSE Enzo,Team Picnic PostNL
UAE Tour,96,MEZGEC Luka,Team Jayco AlUla
UAE Tour,97,SKERL Daniel,Bahrain - Victorious
UAE Tour,98,TAROZZI Manuele,VF Group - Bardiani CSF - Faizanè
UAE Tour,99,WELSFORD Sam,Red Bull - BORA - hansgrohe
UAE Tour,100,KLUCKERS Arthur,Tudor Pro Cycling Team
UAE Tour,101,KOGUT Oded,Israel - Premier Tech
UAE Tour,102,CONSONNI Simone,Lidl - Trek
UAE Tour,103,BASTIAENS Ayco,Soudal Quick-Step
UAE Tour,104,GREGAARD Jonas,Lotto
UAE Tour,105,JAKOBSEN Fabio,Team Picnic PostNL
UAE Tour,106,PINAZZI Mattia,VF Group - Bardiani CSF - Faizanè
UAE Tour,107,TAMINIAUX Lionel,Lotto
UAE Tour,108,ČERNÝ Josef,Soudal Quick-Step
UAE Tour,109,VAN DEN BERG Julius,Team Picnic PostNL
UAE Tour,110,POLLEFLIET Gianluca,Decathlon AG2R La Mondiale Team
UAE Tour,111,CONFORTI Lorenzo,VF Group - Bardiani CSF - Faizanè
UAE Tour,112,BJERG Mikkel,UAE Team Emirates - XRG
UAE Tour,113,PRICE-PEJTERSEN Johan,Alpecin - Deceuninck
UAE Tour,114,FIORELLI Filippo,VF Group - Bardiani CSF - Faizanè
UAE Tour,115,KRIEGER Alexander,Tudor Pro Cycling Team
UAE Tour,116,ĐURIĆ Đorđe,Team Solution Tech - Vini Fantini
UAE Tour,117,KOLZE CHANGIZI Sebastian,Tudor Pro Cycling Team
Paris-Nice,1,JORGENSON Matteo,Team Visma | Lease a Bike
Paris-Nice,2,LIPOWITZ Florian,Red Bull - BORA - hansgrohe
Paris-Nice,3,ARENSMAN Thymen,INEOS Grenadiers
Paris-Nice,4,SHEFFIELD Magnus,INEOS Grenadiers
Paris-Nice,5,STORER Michael,Tudor Pro Cycling Team
Paris-Nice,6,ALMEIDA João,UAE Team Emirates - XRG
Paris-Nice,7,CHAMPOUSSIN Clément,XDS Astana Team
Paris-Nice,8,TEJADA Harold,XDS Astana Team
Paris-Nice,9,FOSS Tobias,INEOS Grenadiers
Paris-Nice,10,VAN WILDER Ilan,Soudal Quick-Step
Paris-Nice,11,CASTRILLO Pablo,Movistar Team
Paris-Nice,12,PARET-PEINTRE Aurélien,Decathlon AG2R La Mondiale Team
Paris-Nice,13,MARTIN Guillaume,Groupama - FDJ
Paris-Nice,14,O'CONNOR Ben,Team Jayco AlUla
Paris-Nice,15,BARTA Will,Movistar Team
Paris-Nice,16,GARCÍA PIERNA Raúl,Arkéa - B&B Hotels
Paris-Nice,17,SCHACHMANN Maximilian,Soudal Quick-Step
Paris-Nice,18,GALL Felix,Decathlon AG2R La Mondiale Team
Paris-Nice,19,GOOSSENS Kobe,Intermarché - Wanty
Paris-Nice,20,ZIMMERMANN Georg,Intermarché - Wanty
Paris-Nice,21,ROMEO Iván,Movistar Team
Paris-Nice,22,VERGALLITO Luca,Alpecin - Deceuninck
Paris-Nice,23,JEGAT Jordan,Team TotalEnergies
Paris-Nice,24,MARTINEZ Lenny,Bahrain - Victorious
Paris-Nice,25,GENIETS Kevin,Groupama - FDJ
Paris-Nice,26,PEDERSEN Mads,Lidl - Trek
Paris-Nice,27,TARLING Joshua,INEOS Grenadiers
Paris-Nice,28,SOBRERO Matteo,Red Bull - BORA - hansgrohe
Paris-Nice,29,LEKNESSUND Andreas,Uno-X Mobility
Paris-Nice,30,HAIG Jack,Bahrain - Victorious
Paris-Nice,31,POWLESS Neilson,EF Education - EasyPost
Paris-Nice,32,KULSET Johannes,Uno-X Mobility
Paris-Nice,33,SCHMID Mauro,Team Jayco AlUla
Paris-Nice,34,BARGUIL Warren,Team Picnic PostNL
Paris-Nice,35,VLASOV Aleksandr,Red Bull - BORA - hansgrohe
Paris-Nice,36,ZWIEHOFF Ben,Red Bull - BORA - hansgrohe
Paris-Nice,37,NARVÁEZ Jhonatan,UAE Team Emirates - XRG
Paris-Nice,38,STEINHAUSER Georg,EF Education - EasyPost
Paris-Nice,39,TRENTIN Matteo,Tudor Pro Cycling Team
Paris-Nice,40,POLITT Nils,UAE Team Emirates - XRG
Paris-Nice,41,GACHIGNARD Thomas,Team TotalEnergies
Paris-Nice,42,ZAMBANINI Edoardo,Bahrain - Victorious
Paris-Nice,43,BISSEGGER Stefan,Decathlon AG2R La Mondiale Team
Paris-Nice,44,ALAPHILIPPE Julian,Tudor Pro Cycling Team
Paris-Nice,45,KÜNG Stefan,Groupama - FDJ
Paris-Nice,46,DOULL Owain,EF Education - EasyPost
Paris-Nice,47,VINOKUROV Nicolas,XDS Astana Team
Paris-Nice,48,SILVA Guillermo Thomas,Caja Rural - Seguros RGA
Paris-Nice,49,COSTIOU Ewen,Arkéa - B&B Hotels
Paris-Nice,50,JACOBS Johan,Groupama - FDJ
Paris-Nice,51,GARCÍA CORTINA Iván,Movistar Team
Paris-Nice,52,TEUNISSEN Mike,XDS Astana Team
Paris-Nice,53,ZINGLE Axel,Team Visma | Lease a Bike
Paris-Nice,54,GUERNALEC Thibault,Arkéa - B&B Hotels
Paris-Nice,55,MATTHEWS Michael,Team Jayco AlUla
Paris-Nice,56,CAMPENAERTS Victor,Team Visma | Lease a Bike
Paris-Nice,57,HOOLE Daan,Lidl - Trek
Paris-Nice,58,CAVAGNA Rémi,Groupama - FDJ
Paris-Nice,59,NAESEN Oliver,Decathlon AG2R La Mondiale Team
Paris-Nice,60,MILESI Lorenzo,Movistar Team
Paris-Nice,61,SCOTSON Callum,Decathlon AG2R La Mondiale Team
Paris-Nice,62,ARMIRAIL Bruno,Decathlon AG2R La Mondiale Team
Paris-Nice,63,SMITH Dion,Intermarché - Wanty
Paris-Nice,64,SWEENY Harry,EF Education - EasyPost
Paris-Nice,65,KIRSCH Alex,Lidl - Trek
Paris-Nice,66,O'BRIEN Kelland,Team Jayco AlUla
Paris-Nice,67,JUNGELS Bob,INEOS Grenadiers
Paris-Nice,68,WRIGHT Fred,Bahrain - Victorious
Paris-Nice,69,GRUEL Thibaud,Groupama - FDJ
Paris-Nice,70,DELETTRE Alexandre,Team TotalEnergies
Paris-Nice,71,LEMMEN Bart,Team Visma | Lease a Bike
Paris-Nice,72,DEBRUYNE Ramses,Alpecin - Deceuninck
Paris-Nice,73,PEREZ Anthony,Cofidis
Paris-Nice,74,SWIFT Ben,INEOS Grenadiers
Paris-Nice,75,SAMITIER Sergio,Cofidis
Paris-Nice,76,VAN GESTEL Dries,Soudal Quick-Step
Paris-Nice,77,WATSON Samuel,INEOS Grenadiers
Paris-Nice,78,SKAARSETH Anders,Uno-X Mobility
Paris-Nice,79,VERGAERDE Otto,Lidl - Trek
Paris-Nice,80,IZQUIERDO Clément,Cofidis
Paris-Nice,81,DEL GROSSO Tibor,Alpecin - Deceuninck
Paris-Nice,82,DE PESTEL Sander,Decathlon AG2R La Mondiale Team
Paris-Nice,83,KIELICH Timo,Alpecin - Deceuninck
Paris-Nice,84,ANDRESEN Tobias Lund,Team Picnic PostNL
Paris-Nice,85,SIVAKOV Pavel,UAE Team Emirates - XRG
Paris-Nice,86,LAMPAERT Yves,Soudal Quick-Step
Paris-Nice,87,ALBANESE Vincenzo,EF Education - EasyPost
Paris-Nice,88,HALLER Marco,Tudor Pro Cycling Team
Paris-Nice,89,VAN DEN BERG Julius,Team Picnic PostNL
Paris-Nice,90,PALENI Enzo,Groupama - FDJ
Paris-Nice,91,VAN DIJKE Mick,Red Bull - BORA - hansgrohe
Paris-Nice,92,FLYNN Sean,Team Picnic PostNL
Paris-Nice,93,TILLER Rasmus,Uno-X Mobility
Paris-Nice,94,DEGENKOLB John,Team Picnic PostNL
Paris-Nice,95,OTRUBA Jakub,Caja Rural - Seguros RGA
Paris-Nice,96,BAYER Tobias,Alpecin - Deceuninck
Paris-Nice,97,PLANCKAERT Edward,Alpecin - Deceuninck
Paris-Nice,98,MORO Manlio,Movistar Team
Paris-Nice,99,FEDOROV Yevgeniy,XDS Astana Team
Paris-Nice,100,JEANNIÈRE Emilien,Team TotalEnergies
Paris-Nice,101,CHARMIG Anthon,XDS Astana Team
Paris-Nice,102,BASTIAENS Ayco,Soudal Quick-Step
Paris-Nice,103,LIENHARD Fabian,Tudor Pro Cycling Team
Paris-Nice,104,AFFINI Edoardo,Team Visma | Lease a Bike
Paris-Nice,105,OLIVEIRA Ivo,UAE Team Emirates - XRG
Paris-Nice,106,NICOLAU Joel,Caja Rural - Seguros RGA
Paris-Nice,107,THIERRY Pierre,Arkéa - B&B Hotels
Paris-Nice,108,SCOTSON Miles,Arkéa - B&B Hotels
Paris-Nice,109,GOVEKAR Matevž,Bahrain - Victorious
Paris-Nice,110,MULLEN Ryan,Red Bull - BORA - hansgrohe
Paris-Nice,111,HEPBURN Michael,Team Jayco AlUla
Paris-Nice,112,RIESEBEEK Oscar,Alpecin - Deceuninck
Paris-Nice,113,GRADEK Kamil,Bahrain - Victorious
Paris-Nice,114,FERNÁNDEZ Samuel,Caja Rural - Seguros RGA
Tirreno-Adriatico,1,AYUSO Juan,UAE Team Emirates - XRG
Tirreno-Adriatico,2,GANNA Filippo,INEOS Grenadiers
Tirreno-Adriatico,3,TIBERI Antonio,Bahrain - Victorious
Tirreno-Adriatico,4,GEE Derek,Israel - Premier Tech
Tirreno-Adriatico,5,HINDLEY Jai,Red Bull - BORA - hansgrohe
Tirreno-Adriatico,6,PIDCOCK Thomas,Q36.5 Pro Cycling Team
Tirreno-Adriatico,7,LANDA Mikel,Soudal Quick-Step
Tirreno-Adriatico,8,DE LA CRUZ David,Q36.5 Pro Cycling Team
Tirreno-Adriatico,9,BILBAO Pello,Bahrain - Victorious
Tirreno-Adriatico,10,CATTANEO Mattia,Soudal Quick-Step
Tirreno-Adriatico,11,JOHANNESSEN Tobias Halland,Uno-X Mobility
Tirreno-Adriatico,12,VAUQUELIN Kévin,Arkéa - B&B Hotels
Tirreno-Adriatico,13,CICCONE Giulio,Lidl - Trek
Tirreno-Adriatico,14,YATES Simon,Team Visma | Lease a Bike
Tirreno-Adriatico,15,GRÉGOIRE Romain,Groupama - FDJ
Tirreno-Adriatico,16,YATES Adam,UAE Team Emirates - XRG
Tirreno-Adriatico,17,PIGANZOLI Davide,Team Polti VisitMalta
Tirreno-Adriatico,18,CARAPAZ Richard,EF Education - EasyPost
Tirreno-Adriatico,19,DEL TORO Isaac,UAE Team Emirates - XRG
Tirreno-Adriatico,20,RUBIO Einer,Movistar Team
Tirreno-Adriatico,21,FORTUNATO Lorenzo,XDS Astana Team
Tirreno-Adriatico,22,PINARELLO Alessandro,VF Group - Bardiani CSF - Faizanè
Tirreno-Adriatico,23,HIRSCHI Marc,Tudor Pro Cycling Team
Tirreno-Adriatico,24,HEALY Ben,EF Education - EasyPost
Tirreno-Adriatico,25,ZANA Filippo,Team Jayco AlUla
Tirreno-Adriatico,26,VELASCO Simone,XDS Astana Team
Tirreno-Adriatico,27,KAJAMINI Florian Samuel,XDS Astana Team
Tirreno-Adriatico,28,IZAGIRRE Ion,Cofidis
Tirreno-Adriatico,29,ARANBURU Alex,Cofidis
Tirreno-Adriatico,30,FIORELLI Filippo,VF Group - Bardiani CSF - Faizanè
Tirreno-Adriatico,31,VENDRAME Andrea,Decathlon AG2R La Mondiale Team
Tirreno-Adriatico,32,QUINTANA Nairo,Movistar Team
Tirreno-Adriatico,33,CONCI Nicola,XDS Astana Team
Tirreno-Adriatico,34,HAMILTON Chris,Team Picnic PostNL
Tirreno-Adriatico,35,MADOUAS Valentin,Groupama - FDJ
Tirreno-Adriatico,36,STAUNE-MITTET Johannes,Decathlon AG2R La Mondiale Team
Tirreno-Adriatico,37,PRODHOMME Nicolas,Decathlon AG2R La Mondiale Team
Tirreno-Adriatico,38,PARET-PEINTRE Valentin,Soudal Quick-Step
Tirreno-Adriatico,39,PACHER Quentin,Groupama - FDJ
Tirreno-Adriatico,40,CHAVES Esteban,EF Education - EasyPost
Tirreno-Adriatico,41,RIVERA Brandon Smith,INEOS Grenadiers
Tirreno-Adriatico,42,COVILI Luca,VF Group - Bardiani CSF - Faizanè
Tirreno-Adriatico,43,RUTSCH Jonas,Intermarché - Wanty
Tirreno-Adriatico,44,STUYVEN Jasper,Lidl - Trek
Tirreno-Adriatico,45,DVERSNES Fredrik,Uno-X Mobility
Tirreno-Adriatico,46,DE PLUS Laurens,INEOS Grenadiers
Tirreno-Adriatico,47,RODRÍGUEZ Cristián,Arkéa - B&B Hotels
Tirreno-Adriatico,48,ADRIÀ Roger,Red Bull - BORA - hansgrohe
Tirreno-Adriatico,49,LEEMREIZE Gijs,Team Picnic PostNL
Tirreno-Adriatico,50,VAN DER POEL Mathieu,Alpecin - Deceuninck
Tirreno-Adriatico,51,FORMOLO Davide,Movistar Team
Tirreno-Adriatico,52,AULAR Orluis,Movistar Team
Tirreno-Adriatico,53,DONOVAN Mark,Q36.5 Pro Cycling Team
Tirreno-Adriatico,54,VERMEERSCH Gianni,Alpecin - Deceuninck
Tirreno-Adriatico,55,PLUIMERS Rick,Tudor Pro Cycling Team
Tirreno-Adriatico,56,VALTER Attila,Team Visma | Lease a Bike
Tirreno-Adriatico,57,WILKSCH Hannes,Tudor Pro Cycling Team
Tirreno-Adriatico,58,BUSATTO Francesco,Intermarché - Wanty
Tirreno-Adriatico,59,MAESTRI Mirco,Team Polti VisitMalta
Tirreno-Adriatico,60,GROßSCHARTNER Felix,UAE Team Emirates - XRG
Tirreno-Adriatico,61,TONELLI Alessandro,Team Polti VisitMalta
Tirreno-Adriatico,62,MOSCON Gianni,Red Bull - BORA - hansgrohe
Tirreno-Adriatico,63,TAROZZI Manuele,VF Group - Bardiani CSF - Faizanè
Tirreno-Adriatico,64,SCALCO Matteo,VF Group - Bardiani CSF - Faizanè
Tirreno-Adriatico,65,GERMANI Lorenzo,Groupama - FDJ
Tirreno-Adriatico,66,CARUSO Damiano,Bahrain - Victorious
Tirreno-Adriatico,67,ARCAS Jorge,Movistar Team
Tirreno-Adriatico,68,WARBASSE Larry,Tudor Pro Cycling Team
Tirreno-Adriatico,69,KRUIJSWIJK Steven,Team Visma | Lease a Bike
Tirreno-Adriatico,70,OURSELIN Paul,Cofidis
Tirreno-Adriatico,71,THOMAS Benjamin,Cofidis
Tirreno-Adriatico,72,MAJKA Rafał,UAE Team Emirates - XRG
Tirreno-Adriatico,73,DELAPLACE Anthony,Arkéa - B&B Hotels
Tirreno-Adriatico,74,GLIVAR Gal,Alpecin - Deceuninck
Tirreno-Adriatico,75,SÜTTERLIN Jasha,Team Jayco AlUla
Tirreno-Adriatico,76,FRIGO Marco,Israel - Premier Tech
Tirreno-Adriatico,77,SWIFT Connor,INEOS Grenadiers
Tirreno-Adriatico,78,JOHANNESSEN Anders Halland,Uno-X Mobility
Tirreno-Adriatico,79,STORK Florian,Tudor Pro Cycling Team
Tirreno-Adriatico,80,VENTURINI Clément,Arkéa - B&B Hotels
Tirreno-Adriatico,81,COLLEONI Kevin,Intermarché - Wanty
Tirreno-Adriatico,82,VAN DIJKE Tim,Red Bull - BORA - hansgrohe
Tirreno-Adriatico,83,MACIEJUK Filip,Red Bull - BORA - hansgrohe
Tirreno-Adriatico,84,FUGLSANG Jakob,Israel - Premier Tech
Tirreno-Adriatico,85,VAN UDEN Casper,Team Picnic PostNL
Tirreno-Adriatico,86,DE BONDT Dries,Decathlon AG2R La Mondiale Team
Tirreno-Adriatico,87,TONEATTI Davide,XDS Astana Team
Tirreno-Adriatico,88,VAN BAARLE Dylan,Team Visma | Lease a Bike
Tirreno-Adriatico,89,STANNARD Robert,Bahrain - Victorious
Tirreno-Adriatico,90,PEDERSEN Casper,Soudal Quick-Step
Tirreno-Adriatico,91,MAGNIER Paul,Soudal Quick-Step
Tirreno-Adriatico,92,MUÑOZ Francisco,Team Polti VisitMalta
Tirreno-Adriatico,93,BATTISTELLA Samuele,EF Education - EasyPost
Tirreno-Adriatico,94,KOCH Jonas,Red Bull - BORA - hansgrohe
Tirreno-Adriatico,95,MAAS Jan,Cofidis
Tirreno-Adriatico,96,KOOIJ Olav,Team Visma | Lease a Bike
Tirreno-Adriatico,97,BLUME LEVY William,Uno-X Mobility
Tirreno-Adriatico,98,BONNEU Kamiel,Intermarché - Wanty
Tirreno-Adriatico,99,TESFATSION Natnael,Movistar Team
Tirreno-Adriatico,100,GODON Dorian,Decathlon AG2R La Mondiale Team
Tirreno-Adriatico,101,PENHOËT Paul,Groupama - FDJ
Tirreno-Adriatico,102,LEIJNSE Enzo,Team Picnic PostNL
Tirreno-Adriatico,103,HOLTER Ådne,Uno-X Mobility
Tirreno-Adriatico,104,SKUJIŅŠ Toms,Lidl - Trek
Tirreno-Adriatico,105,RUSSO Clément,Groupama - FDJ
Tirreno-Adriatico,106,LONARDI Giovanni,Team Polti VisitMalta
Tirreno-Adriatico,107,LE BERRE Mathis,Arkéa - B&B Hotels
Tirreno-Adriatico,108,BAIS Davide,Team Polti VisitMalta
Tirreno-Adriatico,109,PIETROBON Andrea,Team Polti VisitMalta
Tirreno-Adriatico,110,CORT Magnus,Uno-X Mobility
Tirreno-Adriatico,111,REINDERINK Pepijn,Soudal Quick-Step
Tirreno-Adriatico,112,GHEBREIGZABHIER Amanuel,Lidl - Trek
Tirreno-Adriatico,113,ZANONCELLO Enrico,VF Group - Bardiani CSF - Faizanè
Tirreno-Adriatico,114,MEURISSE Xandro,Alpecin - Deceuninck
Tirreno-Adriatico,115,GAZE Samuel,Alpecin - Deceuninck
Tirreno-Adriatico,116,HAMILTON Lucas,INEOS Grenadiers
Tirreno-Adriatico,117,ČERNÝ Josef,Soudal Quick-Step
Tirreno-Adriatico,118,STEWART Jake,Israel - Premier Tech
Tirreno-Adriatico,119,HOWSON Damien,Q36.5 Pro Cycling Team
Tirreno-Adriatico,120,MIHOLJEVIĆ Fran,Bahrain - Victorious
Tirreno-Adriatico,121,ZIJLAARD Maikel,Tudor Pro Cycling Team
Tirreno-Adriatico,122,MÄRKL Niklas,Team Picnic PostNL
Tirreno-Adriatico,123,PASQUALON Andrea,Bahrain - Victorious
Tirreno-Adriatico,124,GUDMESTAD Tord,Decathlon AG2R La Mondiale Team
Tirreno-Adriatico,125,GAMPER Patrick,Team Jayco AlUla
Tirreno-Adriatico,126,MEZGEC Luka,Team Jayco AlUla
Tirreno-Adriatico,127,CAPIOT Amaury,Arkéa - B&B Hotels
Tirreno-Adriatico,128,RAISBERG Nadav,Israel - Premier Tech
Tirreno-Adriatico,129,COQUARD Bryan,Cofidis
Tirreno-Adriatico,130,THEUNS Edward,Lidl - Trek
Tirreno-Adriatico,131,MCLAY Daniel,Team Visma | Lease a Bike
Tirreno-Adriatico,132,FERRON Valentin,Cofidis
Tirreno-Adriatico,133,REINDERS Elmar,Team Jayco AlUla
Tirreno-Adriatico,134,KRIEGER Alexander,Tudor Pro Cycling Team
Tirreno-Adriatico,135,MILAN Jonathan,Lidl - Trek
Tirreno-Adriatico,136,BENNETT Sam,Decathlon AG2R La Mondiale Team
Tirreno-Adriatico,137,GROENEWEGEN Dylan,Team Jayco AlUla
Tirreno-Adriatico,138,WÆRENSKJOLD Søren,Uno-X Mobility
Volta Ciclista a Catalunya,1,ROGLIČ Primož,Red Bull - BORA - hansgrohe
Volta Ciclista a Catalunya,2,AYUSO Juan,UAE Team Emirates - XRG
Volta Ciclista a Catalunya,3,MAS Enric,Movistar Team
Volta Ciclista a Catalunya,4,LANDA Mikel,Soudal Quick-Step
Volta Ciclista a Catalunya,5,MARTINEZ Lenny,Bahrain - Victorious
Volta Ciclista a Catalunya,6,DE PLUS Laurens,INEOS Grenadiers
Volta Ciclista a Catalunya,7,BERNAL Egan,INEOS Grenadiers
Volta Ciclista a Catalunya,8,VAN EETVELT Lennert,Lotto
Volta Ciclista a Catalunya,9,YATES Simon,Team Visma | Lease a Bike
Volta Ciclista a Catalunya,10,CARAPAZ Richard,EF Education - EasyPost
Volta Ciclista a Catalunya,11,RICCITELLO Matthew,Israel - Premier Tech
Volta Ciclista a Catalunya,12,O'CONNOR Ben,Team Jayco AlUla
Volta Ciclista a Catalunya,13,LÓPEZ Harold Martín,XDS Astana Team
Volta Ciclista a Catalunya,14,LECERF Junior,Soudal Quick-Step
Volta Ciclista a Catalunya,15,LÓPEZ Juan Pedro,Lidl - Trek
Volta Ciclista a Catalunya,16,PELLIZZARI Giulio,Red Bull - BORA - hansgrohe
Volta Ciclista a Catalunya,17,DÍAZ José Manuel,Burgos Burpellet BH
Volta Ciclista a Catalunya,18,POELS Wout,XDS Astana Team
Volta Ciclista a Catalunya,19,QUINTANA Nairo,Movistar Team
Volta Ciclista a Catalunya,20,FORTUNATO Lorenzo,XDS Astana Team
Volta Ciclista a Catalunya,21,KELDERMAN Wilco,Team Visma | Lease a Bike
Volta Ciclista a Catalunya,22,BUCHMANN Emanuel,Cofidis
Volta Ciclista a Catalunya,23,KUSS Sepp,Team Visma | Lease a Bike
Volta Ciclista a Catalunya,24,RODRÍGUEZ Cristián,Arkéa - B&B Hotels
Volta Ciclista a Catalunya,25,BENNETT George,Israel - Premier Tech
Volta Ciclista a Catalunya,26,SOLER Marc,UAE Team Emirates - XRG
Volta Ciclista a Catalunya,27,GARCÍA PIERNA Carlos,Burgos Burpellet BH
Volta Ciclista a Catalunya,28,TORRES Pablo,UAE Team Emirates - XRG
Volta Ciclista a Catalunya,29,APARICIO Mario,Burgos Burpellet BH
Volta Ciclista a Catalunya,30,CHAVES Esteban,EF Education - EasyPost
Volta Ciclista a Catalunya,31,GUARDEÑO Jaume,Caja Rural - Seguros RGA
Volta Ciclista a Catalunya,32,YATES Adam,UAE Team Emirates - XRG
Volta Ciclista a Catalunya,33,RIES Michel,Arkéa - B&B Hotels
Volta Ciclista a Catalunya,34,ROLLAND Brieuc,Groupama - FDJ
Volta Ciclista a Catalunya,35,SVESTAD-BÅRDSENG Embret,Arkéa - B&B Hotels
Volta Ciclista a Catalunya,36,ALEOTTI Giovanni,Red Bull - BORA - hansgrohe
Volta Ciclista a Catalunya,37,FAGÚNDEZ Eric Antonio,Burgos Burpellet BH
Volta Ciclista a Catalunya,38,CHUMIL Sergio Geovani,Burgos Burpellet BH
Volta Ciclista a Catalunya,39,BRAZ AFONSO Clément,Groupama - FDJ
Volta Ciclista a Catalunya,40,MEINTJES Louis,Intermarché - Wanty
Volta Ciclista a Catalunya,41,THOMPSON Reuben,Lotto
Volta Ciclista a Catalunya,42,OOMEN Sam,Lidl - Trek
Volta Ciclista a Catalunya,43,SOSA Iván Ramiro,Equipo Kern Pharma
Volta Ciclista a Catalunya,44,GAROFOLI Gianmarco,Soudal Quick-Step
Volta Ciclista a Catalunya,45,THOMAS Geraint,INEOS Grenadiers
Volta Ciclista a Catalunya,46,BOUCHARD Geoffrey,Decathlon AG2R La Mondiale Team
Volta Ciclista a Catalunya,47,VERONA Carlos,Lidl - Trek
Volta Ciclista a Catalunya,48,GERMANI Lorenzo,Groupama - FDJ
Volta Ciclista a Catalunya,49,STRONG Corbin,Israel - Premier Tech
Volta Ciclista a Catalunya,50,KNOX James,Soudal Quick-Step
Volta Ciclista a Catalunya,51,SEPÚLVEDA Eduardo,Lotto
Volta Ciclista a Catalunya,52,VAN BEKKUM Darren,XDS Astana Team
Volta Ciclista a Catalunya,53,BERTHET Clément,Decathlon AG2R La Mondiale Team
Volta Ciclista a Catalunya,54,GODON Dorian,Decathlon AG2R La Mondiale Team
Volta Ciclista a Catalunya,55,STEINHAUSER Georg,EF Education - EasyPost
Volta Ciclista a Catalunya,56,STAUNE-MITTET Johannes,Decathlon AG2R La Mondiale Team
Volta Ciclista a Catalunya,57,GHEBREIGZABHIER Amanuel,Lidl - Trek
Volta Ciclista a Catalunya,58,COBO Iván,Equipo Kern Pharma
Volta Ciclista a Catalunya,59,MIQUEL Pau,Equipo Kern Pharma
Volta Ciclista a Catalunya,60,HUISING Menno,Team Visma | Lease a Bike
Volta Ciclista a Catalunya,61,EULÁLIO Afonso,Bahrain - Victorious
Volta Ciclista a Catalunya,62,BIZKARRA Mikel,Euskaltel - Euskadi
Volta Ciclista a Catalunya,63,PARRA José Félix,Equipo Kern Pharma
Volta Ciclista a Catalunya,64,KÄMNA Lennard,Lidl - Trek
Volta Ciclista a Catalunya,65,ARMIRAIL Bruno,Decathlon AG2R La Mondiale Team
Volta Ciclista a Catalunya,66,SMITH Dion,Intermarché - Wanty
Volta Ciclista a Catalunya,67,SIMMONS Quinn,Lidl - Trek
Volta Ciclista a Catalunya,68,WANDAHL Frederik,Red Bull - BORA - hansgrohe
Volta Ciclista a Catalunya,69,HELLEMOSE Asbjørn,Team Jayco AlUla
Volta Ciclista a Catalunya,70,MÜHLBERGER Gregor,Movistar Team
Volta Ciclista a Catalunya,71,BURNETT Josh,Burgos Burpellet BH
Volta Ciclista a Catalunya,72,HERRADA Jesús,Cofidis
Volta Ciclista a Catalunya,73,VENDRAME Andrea,Decathlon AG2R La Mondiale Team
Volta Ciclista a Catalunya,74,MOLARD Rudy,Groupama - FDJ
Volta Ciclista a Catalunya,75,PEDRERO Antonio,Movistar Team
Volta Ciclista a Catalunya,76,CURRIE Logan,Lotto
Volta Ciclista a Catalunya,77,VAN DEN BROEK Frank,Team Picnic PostNL
Volta Ciclista a Catalunya,78,BERRADE Urko,Equipo Kern Pharma
Volta Ciclista a Catalunya,79,PALENI Enzo,Groupama - FDJ
Volta Ciclista a Catalunya,80,SERRY Pieter,Soudal Quick-Step
Volta Ciclista a Catalunya,81,MOLENAAR Alex,Caja Rural - Seguros RGA
Volta Ciclista a Catalunya,82,SHAW James,EF Education - EasyPost
Volta Ciclista a Catalunya,83,LAURANCE Axel,INEOS Grenadiers
Volta Ciclista a Catalunya,84,FRAILE Omar,INEOS Grenadiers
Volta Ciclista a Catalunya,85,HAJEK Alexander,Red Bull - BORA - hansgrohe
Volta Ciclista a Catalunya,86,PLANCKAERT Edward,Alpecin - Deceuninck
Volta Ciclista a Catalunya,87,RAFFERTY Darren,EF Education - EasyPost
Volta Ciclista a Catalunya,88,MULUBRHAN Henok,XDS Astana Team
Volta Ciclista a Catalunya,89,HESSMANN Michel,Movistar Team
Volta Ciclista a Catalunya,90,TRATNIK Jan,Red Bull - BORA - hansgrohe
Volta Ciclista a Catalunya,91,FAURE PROST Alexy,Intermarché - Wanty
Volta Ciclista a Catalunya,92,VERNON Ethan,Israel - Premier Tech
Volta Ciclista a Catalunya,93,BITTNER Pavel,Team Picnic PostNL
Volta Ciclista a Catalunya,94,JUUL-JENSEN Christopher,Team Jayco AlUla
Volta Ciclista a Catalunya,95,WENZEL Mats,Equipo Kern Pharma
Volta Ciclista a Catalunya,96,BOUWMAN Koen,Team Jayco AlUla
Volta Ciclista a Catalunya,97,ALUSTIZA Nicolás,Euskaltel - Euskadi
Volta Ciclista a Catalunya,98,COLLEONI Kevin,Intermarché - Wanty
Volta Ciclista a Catalunya,99,GUERNALEC Victor,Arkéa - B&B Hotels
Volta Ciclista a Catalunya,100,SCHULTZ Nick,Israel - Premier Tech
Volta Ciclista a Catalunya,101,BALDERSTONE Abel,Caja Rural - Seguros RGA
Volta Ciclista a Catalunya,102,MIHOLJEVIĆ Fran,Bahrain - Victorious
Volta Ciclista a Catalunya,103,LEONARD Michael,INEOS Grenadiers
Volta Ciclista a Catalunya,104,HAYTER Ethan,Soudal Quick-Step
Volta Ciclista a Catalunya,105,HAMILTON Lucas,INEOS Grenadiers
Volta Ciclista a Catalunya,106,DENZ Nico,Red Bull - BORA - hansgrohe
Volta Ciclista a Catalunya,107,FOLDAGER Anders,Team Jayco AlUla
Volta Ciclista a Catalunya,108,MONIQUET Sylvain,Cofidis
Volta Ciclista a Catalunya,109,ROULAND Louis,Arkéa - B&B Hotels
Volta Ciclista a Catalunya,110,DE MARCHI Alessandro,Team Jayco AlUla
Volta Ciclista a Catalunya,111,JOHNSTON Calum,Caja Rural - Seguros RGA
Volta Ciclista a Catalunya,112,COMBAUD Romain,Team Picnic PostNL
Volta Ciclista a Catalunya,113,GREGAARD Jonas,Lotto
Volta Ciclista a Catalunya,114,DINA Márton,Euskaltel - Euskadi
Volta Ciclista a Catalunya,115,URIARTE Diego,Equipo Kern Pharma
Volta Ciclista a Catalunya,116,JOHANSEN Julius,UAE Team Emirates - XRG
Volta Ciclista a Catalunya,117,VAN DER TUUK Danny,Euskaltel - Euskadi
Volta Ciclista a Catalunya,118,DONNENWIRTH Tom,Groupama - FDJ
Volta Ciclista a Catalunya,119,DHONDT Robbe,Team Picnic PostNL
Volta Ciclista a Catalunya,120,TOUMIRE Hugo,Cofidis
Volta Ciclista a Catalunya,121,CASTELLON Jan,Caja Rural - Seguros RGA
Volta Ciclista a Catalunya,122,MURGUIALDAY Jokin,Euskaltel - Euskadi
Itzulia Basque Country,1,ALMEIDA João,UAE Team Emirates - XRG
Itzulia Basque Country,2,MAS Enric,Movistar Team
Itzulia Basque Country,3,SCHACHMANN Maximilian,Soudal Quick-Step
Itzulia Basque Country,4,LIPOWITZ Florian,Red Bull - BORA - hansgrohe
Itzulia Basque Country,5,SKJELMOSE Mattias,Lidl - Trek
Itzulia Basque Country,6,VAN WILDER Ilan,Soudal Quick-Step
Itzulia Basque Country,7,ARANBURU Alex,Cofidis
Itzulia Basque Country,8,VELASCO Simone,XDS Astana Team
Itzulia Basque Country,9,ONLEY Oscar,Team Picnic PostNL
Itzulia Basque Country,10,CHAMPOUSSIN Clément,XDS Astana Team
Itzulia Basque Country,11,BERTHET Clément,Decathlon AG2R La Mondiale Team
Itzulia Basque Country,12,MARTIN Guillaume,Groupama - FDJ
Itzulia Basque Country,13,BUITRAGO Santiago,Bahrain - Victorious
Itzulia Basque Country,14,JEGAT Jordan,Team TotalEnergies
Itzulia Basque Country,15,DEL TORO Isaac,UAE Team Emirates - XRG
Itzulia Basque Country,16,VERGALLITO Luca,Alpecin - Deceuninck
Itzulia Basque Country,17,KELDERMAN Wilco,Team Visma | Lease a Bike
Itzulia Basque Country,18,CRAS Steff,Team TotalEnergies
Itzulia Basque Country,19,COBO Iván,Equipo Kern Pharma
Itzulia Basque Country,20,LAURANCE Axel,INEOS Grenadiers
Itzulia Basque Country,21,TEJADA Harold,XDS Astana Team
Itzulia Basque Country,22,ROLLAND Brieuc,Groupama - FDJ
Itzulia Basque Country,23,IRIBAR Unai,Equipo Kern Pharma
Itzulia Basque Country,24,GRÉGOIRE Romain,Groupama - FDJ
Itzulia Basque Country,25,BISIAUX Léo,Decathlon AG2R La Mondiale Team
Itzulia Basque Country,26,DÍAZ José Manuel,Burgos Burpellet BH
Itzulia Basque Country,27,VALTER Attila,Team Visma | Lease a Bike
Itzulia Basque Country,28,BARGUIL Warren,Team Picnic PostNL
Itzulia Basque Country,29,VOISARD Yannis,Tudor Pro Cycling Team
Itzulia Basque Country,30,HEALY Ben,EF Education - EasyPost
Itzulia Basque Country,31,GAROFOLI Gianmarco,Soudal Quick-Step
Itzulia Basque Country,32,SILVA Guillermo Thomas,Caja Rural - Seguros RGA
Itzulia Basque Country,33,OLIVEIRA Nelson,Movistar Team
Itzulia Basque Country,34,HAIG Jack,Bahrain - Victorious
Itzulia Basque Country,35,NICOLAU Joel,Caja Rural - Seguros RGA
Itzulia Basque Country,36,BAGIOLI Andrea,Lidl - Trek
Itzulia Basque Country,37,NYS Thibau,Lidl - Trek
Itzulia Basque Country,38,MARTÍN Gotzon,Euskaltel - Euskadi
Itzulia Basque Country,39,BRAZ AFONSO Clément,Groupama - FDJ
Itzulia Basque Country,40,FISHER-BLACK Finn,Red Bull - BORA - hansgrohe
Itzulia Basque Country,41,DE LA CALLE Hugo,Burgos Burpellet BH
Itzulia Basque Country,42,KONRAD Patrick,Lidl - Trek
Itzulia Basque Country,43,LE BERRE Mathis,Arkéa - B&B Hotels
Itzulia Basque Country,44,DOUBEY Fabien,Team TotalEnergies
Itzulia Basque Country,45,TRONCHON Bastien,Decathlon AG2R La Mondiale Team
Itzulia Basque Country,46,OKAMIKA Ander,Burgos Burpellet BH
Itzulia Basque Country,47,VLASOV Aleksandr,Red Bull - BORA - hansgrohe
Itzulia Basque Country,48,BIZKARRA Mikel,Euskaltel - Euskadi
Itzulia Basque Country,49,KUYPERS Gerben,Intermarché - Wanty
Itzulia Basque Country,50,SOLER Marc,UAE Team Emirates - XRG
Itzulia Basque Country,51,GROßSCHARTNER Felix,UAE Team Emirates - XRG
Itzulia Basque Country,52,MCNULTY Brandon,UAE Team Emirates - XRG
Itzulia Basque Country,53,VAN DER MEULEN Max,Bahrain - Victorious
Itzulia Basque Country,54,LEEMREIZE Gijs,Team Picnic PostNL
Itzulia Basque Country,55,VAN GILS Maxim,Red Bull - BORA - hansgrohe
Itzulia Basque Country,56,VERSTRYNGE Emiel,Alpecin - Deceuninck
Itzulia Basque Country,57,BOU Joan,Caja Rural - Seguros RGA
Itzulia Basque Country,58,SCOTSON Callum,Decathlon AG2R La Mondiale Team
Itzulia Basque Country,59,FERNÁNDEZ Sinuhé,Burgos Burpellet BH
Itzulia Basque Country,60,ARMIRAIL Bruno,Decathlon AG2R La Mondiale Team
Itzulia Basque Country,61,ARRIOLA-BENGOA Julen,Caja Rural - Seguros RGA
Itzulia Basque Country,62,HIRSCHI Marc,Tudor Pro Cycling Team
Itzulia Basque Country,63,MIQUEL Pau,Equipo Kern Pharma
Itzulia Basque Country,64,FAGÚNDEZ Eric Antonio,Burgos Burpellet BH
Itzulia Basque Country,65,FAURA José Luis,Burgos Burpellet BH
Itzulia Basque Country,66,IZAGIRRE Ion,Cofidis
Itzulia Basque Country,67,DELAPLACE Anthony,Arkéa - B&B Hotels
Itzulia Basque Country,68,RYAN Archie,EF Education - EasyPost
Itzulia Basque Country,69,KNOX James,Soudal Quick-Step
Itzulia Basque Country,70,HAJEK Alexander,Red Bull - BORA - hansgrohe
Itzulia Basque Country,71,MARTINEZ Juan Guillermo,Team Picnic PostNL
Itzulia Basque Country,72,HELLEMOSE Asbjørn,Team Jayco AlUla
Itzulia Basque Country,73,GRUEL Thibaud,Groupama - FDJ
Itzulia Basque Country,74,JUARISTI Txomin,Euskaltel - Euskadi
Itzulia Basque Country,75,WILKSCH Hannes,Tudor Pro Cycling Team
Itzulia Basque Country,76,FRAILE Omar,INEOS Grenadiers
Itzulia Basque Country,77,VERRE Alessandro,Arkéa - B&B Hotels
Itzulia Basque Country,78,JANSSENS Jimmy,Alpecin - Deceuninck
Itzulia Basque Country,79,GUGLIELMI Simon,Arkéa - B&B Hotels
Itzulia Basque Country,80,DEBRUYNE Ramses,Alpecin - Deceuninck
Itzulia Basque Country,81,HOLLMANN Juri,Alpecin - Deceuninck
Itzulia Basque Country,82,JUUL-JENSEN Christopher,Team Jayco AlUla
Itzulia Basque Country,83,BILBAO Pello,Bahrain - Victorious
Itzulia Basque Country,84,DELBOVE Joris,Team TotalEnergies
Itzulia Basque Country,85,BONNEU Kamiel,Intermarché - Wanty
Itzulia Basque Country,86,MOLARD Rudy,Groupama - FDJ
Itzulia Basque Country,87,VERCHER Mattéo,Team TotalEnergies
Itzulia Basque Country,88,MARTÍNEZ Daniel Felipe,Red Bull - BORA - hansgrohe
Itzulia Basque Country,89,KOERDT Bjorn,Team Picnic PostNL
Itzulia Basque Country,90,LEONARD Michael,INEOS Grenadiers
Itzulia Basque Country,91,LASTRA Jonathan,Cofidis
Itzulia Basque Country,92,VAN DEN BOSSCHE Fabio,Alpecin - Deceuninck
Itzulia Basque Country,93,SAMITIER Sergio,Cofidis
Itzulia Basque Country,94,BARRENETXEA Jon,Movistar Team
Itzulia Basque Country,95,ARCAS Jorge,Movistar Team
Itzulia Basque Country,96,ETXEBERRIA Haimar,Equipo Kern Pharma
Itzulia Basque Country,97,COMBAUD Romain,Team Picnic PostNL
Itzulia Basque Country,98,PEREZ Anthony,Cofidis
Itzulia Basque Country,99,HESSMANN Michel,Movistar Team
Itzulia Basque Country,100,HAYTER Ethan,Soudal Quick-Step
Itzulia Basque Country,101,RUIZ Ibon,Equipo Kern Pharma
Itzulia Basque Country,102,GANZABAL Ander,Euskaltel - Euskadi
Itzulia Basque Country,103,ADRIÀ Roger,Red Bull - BORA - hansgrohe
Itzulia Basque Country,104,MINTEGI Iker,Euskaltel - Euskadi
Itzulia Basque Country,105,PAASSCHENS Mathijs,Bahrain - Victorious
Itzulia Basque Country,106,ERIKSSON Jacob,Tudor Pro Cycling Team
Itzulia Basque Country,107,URIARTE Diego,Equipo Kern Pharma
Itzulia Basque Country,108,MAAS Jan,Cofidis
Itzulia Basque Country,109,ELOSEGUI Iñigo,Equipo Kern Pharma
Itzulia Basque Country,110,GRELLIER Fabien,Team TotalEnergies
Itzulia Basque Country,111,ISASA Xabier,Euskaltel - Euskadi
Itzulia Basque Country,112,VAN DER LEE Jardi Christiaan,EF Education - EasyPost
Tour de Romandie,1,ALMEIDA João,UAE Team Emirates - XRG
Tour de Romandie,2,MARTINEZ Lenny,Bahrain - Victorious
Tour de Romandie,3,VINE Jay,UAE Team Emirates - XRG
Tour de Romandie,4,FORTUNATO Lorenzo,XDS Astana Team
Tour de Romandie,5,EVENEPOEL Remco,Soudal Quick-Step
Tour de Romandie,6,RODRÍGUEZ Carlos,INEOS Grenadiers
Tour de Romandie,7,LÓPEZ Juan Pedro,Lidl - Trek
Tour de Romandie,8,LECERF Junior,Soudal Quick-Step
Tour de Romandie,9,RONDEL Mathys,Tudor Pro Cycling Team
Tour de Romandie,10,ROMO Javier,Movistar Team
Tour de Romandie,11,RODRÍGUEZ Cristián,Arkéa - B&B Hotels
Tour de Romandie,12,STAUNE-MITTET Johannes,Decathlon AG2R La Mondiale Team
Tour de Romandie,13,NORDHAGEN Jørgen,Team Visma | Lease a Bike
Tour de Romandie,14,TEJADA Harold,XDS Astana Team
Tour de Romandie,15,VAN EETVELT Lennert,Lotto
Tour de Romandie,16,ONLEY Oscar,Team Picnic PostNL
Tour de Romandie,17,HIGUITA Sergio,XDS Astana Team
Tour de Romandie,18,HAIG Jack,Bahrain - Victorious
Tour de Romandie,19,SCOTSON Callum,Decathlon AG2R La Mondiale Team
Tour de Romandie,20,HELLEMOSE Asbjørn,Team Jayco AlUla
Tour de Romandie,21,BUCHMANN Emanuel,Cofidis
Tour de Romandie,22,IZAGIRRE Ion,Cofidis
Tour de Romandie,23,TORRES Pablo,UAE Team Emirates - XRG
Tour de Romandie,24,VLASOV Aleksandr,Red Bull - BORA - hansgrohe
Tour de Romandie,25,OOMEN Sam,Lidl - Trek
Tour de Romandie,26,RYAN Archie,EF Education - EasyPost
Tour de Romandie,27,DUNBAR Eddie,Team Jayco AlUla
Tour de Romandie,28,THOMAS Geraint,INEOS Grenadiers
Tour de Romandie,29,PARET-PEINTRE Aurélien,Decathlon AG2R La Mondiale Team
Tour de Romandie,30,GAUDU David,Groupama - FDJ
Tour de Romandie,31,SEPÚLVEDA Eduardo,Lotto
Tour de Romandie,32,LEEMREIZE Gijs,Team Picnic PostNL
Tour de Romandie,33,BAUDIN Alex,EF Education - EasyPost
Tour de Romandie,34,THOMPSON Reuben,Lotto
Tour de Romandie,35,ROMEO Iván,Movistar Team
Tour de Romandie,36,ROCHAS Rémy,Groupama - FDJ
Tour de Romandie,37,BONNEU Kamiel,Intermarché - Wanty
Tour de Romandie,38,BERNARD Julien,Lidl - Trek
Tour de Romandie,39,GARCÍA PIERNA Raúl,Arkéa - B&B Hotels
Tour de Romandie,40,GERMANI Lorenzo,Groupama - FDJ
Tour de Romandie,41,RAFFERTY Darren,EF Education - EasyPost
Tour de Romandie,42,LANGELLOTTI Victor,INEOS Grenadiers
Tour de Romandie,43,PALZER Anton,Red Bull - BORA - hansgrohe
Tour de Romandie,44,PICKERING Finlay,Bahrain - Victorious
Tour de Romandie,45,GRAAT Tijmen,Team Visma | Lease a Bike
Tour de Romandie,46,KOERDT Bjorn,Team Picnic PostNL
Tour de Romandie,47,VENTURINI Clément,Arkéa - B&B Hotels
Tour de Romandie,48,JUUL-JENSEN Christopher,Team Jayco AlUla
Tour de Romandie,49,GHEBREIGZABHIER Amanuel,Lidl - Trek
Tour de Romandie,50,SHAW James,EF Education - EasyPost
Tour de Romandie,51,CASTRILLO Pablo,Movistar Team
Tour de Romandie,52,VANSEVENANT Mauri,Soudal Quick-Step
Tour de Romandie,53,THALMANN Roland,Tudor Pro Cycling Team
Tour de Romandie,54,HERRADA Jesús,Cofidis
Tour de Romandie,55,SWIFT Ben,INEOS Grenadiers
Tour de Romandie,56,BETTIOL Alberto,XDS Astana Team
Tour de Romandie,57,PAASSCHENS Mathijs,Bahrain - Victorious
Tour de Romandie,58,KUYPERS Gerben,Intermarché - Wanty
Tour de Romandie,59,LEONARD Michael,INEOS Grenadiers
Tour de Romandie,60,GUERNALEC Thibault,Arkéa - B&B Hotels
Tour de Romandie,61,KÄMNA Lennard,Lidl - Trek
Tour de Romandie,62,DEBRUYNE Ramses,Alpecin - Deceuninck
Tour de Romandie,63,VAN DER MEULEN Max,Bahrain - Victorious
Tour de Romandie,64,SERRY Pieter,Soudal Quick-Step
Tour de Romandie,65,BARRÉ Louis,Intermarché - Wanty
Tour de Romandie,66,OLIVEIRA Ivo,UAE Team Emirates - XRG
Tour de Romandie,67,ARCAS Jorge,Movistar Team
Tour de Romandie,68,GROßSCHARTNER Felix,UAE Team Emirates - XRG
Tour de Romandie,69,KÜNG Stefan,Groupama - FDJ
Tour de Romandie,70,HUISING Menno,Team Visma | Lease a Bike
Tour de Romandie,71,CARTHY Hugh,EF Education - EasyPost
Tour de Romandie,72,PLAPP Luke,Team Jayco AlUla
Tour de Romandie,73,HAJEK Alexander,Red Bull - BORA - hansgrohe
Tour de Romandie,74,MACIEJUK Filip,Red Bull - BORA - hansgrohe
Tour de Romandie,75,ZWIEHOFF Ben,Red Bull - BORA - hansgrohe
Tour de Romandie,76,OLIVEIRA Nelson,Movistar Team
Tour de Romandie,77,CAVAGNA Rémi,Groupama - FDJ
Tour de Romandie,78,CURRIE Logan,Lotto
Tour de Romandie,79,BRENNAN Matthew,Team Visma | Lease a Bike
Tour de Romandie,80,GRADEK Kamil,Bahrain - Victorious
Tour de Romandie,81,EDDY Patrick,Team Picnic PostNL
Tour de Romandie,82,KNIGHT Oliver,Cofidis
Tour de Romandie,83,PALENI Enzo,Groupama - FDJ
Tour de Romandie,84,ASGREEN Kasper,EF Education - EasyPost
Tour de Romandie,85,ČERNÝ Josef,Soudal Quick-Step
Tour de Romandie,86,COSNEFROY Benoît,Decathlon AG2R La Mondiale Team
Tour de Romandie,87,BITTNER Pavel,Team Picnic PostNL
Tour de Romandie,88,GREGAARD Jonas,Lotto
Tour de Romandie,89,EENKHOORN Pascal,Soudal Quick-Step
Tour de Romandie,90,DRIZNERS Jarrad,Lotto
Tour de Romandie,91,MOLLEMA Bauke,Lidl - Trek
Tour de Romandie,92,DILLIER Silvan,Alpecin - Deceuninck
Tour de Romandie,93,GUERNALEC Victor,Arkéa - B&B Hotels
Tour de Romandie,94,BAYER Tobias,Alpecin - Deceuninck
Tour de Romandie,95,PEDERSEN Casper,Soudal Quick-Step
Tour de Romandie,96,DE POOTER Dries,Intermarché - Wanty
Tour de Romandie,97,GAZZOLI Michele,XDS Astana Team
Tour de Romandie,98,COMBAUD Romain,Team Picnic PostNL
Tour de Romandie,99,DAVY Clément,Groupama - FDJ
Tour de Romandie,100,BURATTI Nicolò,Bahrain - Victorious
Tour de Romandie,101,KOLZE CHANGIZI Sebastian,Tudor Pro Cycling Team
Tour de Romandie,102,BISSEGGER Stefan,Decathlon AG2R La Mondiale Team
Tour de Romandie,103,NORSGAARD Mathias,Movistar Team
Tour de Romandie,104,ROOSEN Timo,Team Picnic PostNL
Tour de Romandie,105,CIMOLAI Davide,Movistar Team
Tour de Romandie,106,LOZOUET Léandre,Arkéa - B&B Hotels
Tour de Romandie,107,VERMOTE Julien,Team Visma | Lease a Bike
Tour de Romandie,108,PRICE-PEJTERSEN Johan,Alpecin - Deceuninck
Giro d'Italia,1,YATES Simon,Team Visma | Lease a Bike
Giro d'Italia,2,DEL TORO Isaac,UAE Team Emirates - XRG
Giro d'Italia,3,CARAPAZ Richard,EF Education - EasyPost
Giro d'Italia,4,GEE Derek,Israel - Premier Tech
Giro d'Italia,5,CARUSO Damiano,Bahrain - Victorious
Giro d'Italia,6,PELLIZZARI Giulio,Red Bull - BORA - hansgrohe
Giro d'Italia,7,BERNAL Egan,INEOS Grenadiers
Giro d'Italia,8,RUBIO Einer,Movistar Team
Giro d'Italia,9,MCNULTY Brandon,UAE Team Emirates - XRG
Giro d'Italia,10,STORER Michael,Tudor Pro Cycling Team
Giro d'Italia,11,POOLE Max,Team Picnic PostNL
Giro d'Italia,12,YATES Adam,UAE Team Emirates - XRG
Giro d'Italia,13,MAJKA Rafał,UAE Team Emirates - XRG
Giro d'Italia,14,PIGANZOLI Davide,Team Polti VisitMalta
Giro d'Italia,15,PRODHOMME Nicolas,Decathlon AG2R La Mondiale Team
Giro d'Italia,16,PIDCOCK Thomas,Q36.5 Pro Cycling Team
Giro d'Italia,17,TIBERI Antonio,Bahrain - Victorious
Giro d'Italia,18,MEINTJES Louis,Intermarché - Wanty
Giro d'Italia,19,KNOX James,Soudal Quick-Step
Giro d'Italia,20,STORK Florian,Tudor Pro Cycling Team
Giro d'Italia,21,ULISSI Diego,XDS Astana Team
Giro d'Italia,22,SVESTAD-BÅRDSENG Embret,Arkéa - B&B Hotels
Giro d'Italia,23,HARPER Chris,Team Jayco AlUla
Giro d'Italia,24,FORTUNATO Lorenzo,XDS Astana Team
Giro d'Italia,25,QUINTANA Nairo,Movistar Team
Giro d'Italia,26,BARDET Romain,Team Picnic PostNL
Giro d'Italia,27,ZAMBANINI Edoardo,Bahrain - Victorious
Giro d'Italia,28,FRIGO Marco,Israel - Premier Tech
Giro d'Italia,29,ARENSMAN Thymen,INEOS Grenadiers
Giro d'Italia,30,BILBAO Pello,Bahrain - Victorious
Giro d'Italia,31,GAROFOLI Gianmarco,Soudal Quick-Step
Giro d'Italia,32,VOISARD Yannis,Tudor Pro Cycling Team
Giro d'Italia,33,GENIETS Kevin,Groupama - FDJ
Giro d'Italia,34,CEPEDA Jefferson Alveiro,Movistar Team
Giro d'Italia,35,VENDRAME Andrea,Decathlon AG2R La Mondiale Team
Giro d'Italia,36,ARRIETA Igor,UAE Team Emirates - XRG
Giro d'Italia,37,KELDERMAN Wilco,Team Visma | Lease a Bike
Giro d'Italia,38,KRUIJSWIJK Steven,Team Visma | Lease a Bike
Giro d'Italia,39,ROCHAS Rémy,Groupama - FDJ
Giro d'Italia,40,SCARONI Christian,XDS Astana Team
Giro d'Italia,41,MASNADA Fausto,XDS Astana Team
Giro d'Italia,42,LEMMEN Bart,Team Visma | Lease a Bike
Giro d'Italia,43,LEEMREIZE Gijs,Team Picnic PostNL
Giro d'Italia,44,CATTANEO Mattia,Soudal Quick-Step
Giro d'Italia,45,FORMOLO Davide,Movistar Team
Giro d'Italia,46,HOWSON Damien,Q36.5 Pro Cycling Team
Giro d'Italia,47,HAMILTON Chris,Team Picnic PostNL
Giro d'Italia,48,TONELLI Alessandro,Team Polti VisitMalta
Giro d'Italia,49,TJØTTA Martin,Arkéa - B&B Hotels
Giro d'Italia,50,POELS Wout,XDS Astana Team
Giro d'Italia,51,CEPEDA Jefferson Alexander,EF Education - EasyPost
Giro d'Italia,52,SAMITIER Sergio,Cofidis
Giro d'Italia,53,MARTÍNEZ Daniel Felipe,Red Bull - BORA - hansgrohe
Giro d'Italia,54,VERONA Carlos,Lidl - Trek
Giro d'Italia,55,DONOVAN Mark,Q36.5 Pro Cycling Team
Giro d'Italia,56,CONCI Nicola,XDS Astana Team
Giro d'Italia,57,VACEK Mathias,Lidl - Trek
Giro d'Italia,58,ZANA Filippo,Team Jayco AlUla
Giro d'Italia,59,ALEOTTI Giovanni,Red Bull - BORA - hansgrohe
Giro d'Italia,60,PETILLI Simone,Intermarché - Wanty
Giro d'Italia,61,CASTROVIEJO Jonathan,INEOS Grenadiers
Giro d'Italia,62,HOULE Hugo,Israel - Premier Tech
Giro d'Italia,63,GERMANI Lorenzo,Groupama - FDJ
Giro d'Italia,64,PACHER Quentin,Groupama - FDJ
Giro d'Italia,65,LASTRA Jonathan,Cofidis
Giro d'Italia,66,GAUDU David,Groupama - FDJ
Giro d'Italia,67,OLDANI Stefano,Cofidis
Giro d'Italia,68,WARBASSE Larry,Tudor Pro Cycling Team
Giro d'Italia,69,BAIS Mattia,Team Polti VisitMalta
Giro d'Italia,70,COVILI Luca,VF Group - Bardiani CSF - Faizanè
Giro d'Italia,71,MONIQUET Sylvain,Cofidis
Giro d'Italia,72,VAN AERT Wout,Team Visma | Lease a Bike
Giro d'Italia,73,KONRAD Patrick,Lidl - Trek
Giro d'Italia,74,STEINHAUSER Georg,EF Education - EasyPost
Giro d'Italia,75,MARCELLUSI Martin,VF Group - Bardiani CSF - Faizanè
Giro d'Italia,76,SHAW James,EF Education - EasyPost
Giro d'Italia,77,DE PRETTO Davide,Team Jayco AlUla
Giro d'Italia,78,BARONCINI Filippo,UAE Team Emirates - XRG
Giro d'Italia,79,HONORÉ Mikkel Frølich,EF Education - EasyPost
Giro d'Italia,80,VADER Milan,Q36.5 Pro Cycling Team
Giro d'Italia,81,FUGLSANG Jakob,Israel - Premier Tech
Giro d'Italia,82,ENGELHARDT Felix,Team Jayco AlUla
Giro d'Italia,83,TRATNIK Jan,Red Bull - BORA - hansgrohe
Giro d'Italia,84,GODON Dorian,Decathlon AG2R La Mondiale Team
Giro d'Italia,85,HERMANS Quinten,Alpecin - Deceuninck
Giro d'Italia,86,KIELICH Timo,Alpecin - Deceuninck
Giro d'Italia,87,RAFFERTY Darren,EF Education - EasyPost
Giro d'Italia,88,MILESI Lorenzo,Movistar Team
Giro d'Italia,89,FIORELLI Filippo,VF Group - Bardiani CSF - Faizanè
Giro d'Italia,90,PEDERSEN Mads,Lidl - Trek
Giro d'Italia,91,TAROZZI Manuele,VF Group - Bardiani CSF - Faizanè
Giro d'Italia,92,BARRENETXEA Jon,Movistar Team
Giro d'Italia,93,MAESTRI Mirco,Team Polti VisitMalta
Giro d'Italia,94,GUGLIELMI Simon,Arkéa - B&B Hotels
Giro d'Italia,95,VAN BAARLE Dylan,Team Visma | Lease a Bike
Giro d'Italia,96,STRONG Corbin,Israel - Premier Tech
Giro d'Italia,97,BAIS Davide,Team Polti VisitMalta
Giro d'Italia,98,DOUBLE Paul,Team Jayco AlUla
Giro d'Italia,99,BUSATTO Francesco,Intermarché - Wanty
Giro d'Italia,100,VAN DEN BOSSCHE Fabio,Alpecin - Deceuninck
Giro d'Italia,101,AULAR Orluis,Movistar Team
Giro d'Italia,102,PLANCKAERT Edward,Alpecin - Deceuninck
Giro d'Italia,103,HAMILTON Lucas,INEOS Grenadiers
Giro d'Italia,104,VERRE Alessandro,Arkéa - B&B Hotels
Giro d'Italia,105,PLUIMERS Rick,Tudor Pro Cycling Team
Giro d'Italia,106,SCHULTZ Nick,Israel - Premier Tech
Giro d'Italia,107,GROVES Kaden,Alpecin - Deceuninck
Giro d'Italia,108,COLLEONI Kevin,Intermarché - Wanty
Giro d'Italia,109,HUYS Laurens,Arkéa - B&B Hotels
Giro d'Italia,110,DOULL Owain,EF Education - EasyPost
Giro d'Italia,111,DEWULF Stan,Decathlon AG2R La Mondiale Team
Giro d'Italia,112,PALENI Enzo,Groupama - FDJ
Giro d'Italia,113,MIHOLJEVIĆ Fran,Bahrain - Victorious
Giro d'Italia,114,HEIDUK Kim,INEOS Grenadiers
Giro d'Italia,115,ASGREEN Kasper,EF Education - EasyPost
Giro d'Italia,116,MAGLI Filippo,VF Group - Bardiani CSF - Faizanè
Giro d'Italia,117,CLARKE Simon,Israel - Premier Tech
Giro d'Italia,118,JANSSENS Jimmy,Alpecin - Deceuninck
Giro d'Italia,119,HOOLE Daan,Lidl - Trek
Giro d'Italia,120,TURNER Ben,INEOS Grenadiers
Giro d'Italia,121,MOSCON Gianni,Red Bull - BORA - hansgrohe
Giro d'Italia,122,DENZ Nico,Red Bull - BORA - hansgrohe
Giro d'Italia,123,KANTER Max,XDS Astana Team
Giro d'Italia,124,PEREZ Anthony,Cofidis
Giro d'Italia,125,AZPARREN Xabier Mikel,Q36.5 Pro Cycling Team
Giro d'Italia,126,MOSCA Jacopo,Lidl - Trek
Giro d'Italia,127,TORRES Albert,Movistar Team
Giro d'Italia,128,DE BONDT Dries,Decathlon AG2R La Mondiale Team
Giro d'Italia,129,LONARDI Giovanni,Team Polti VisitMalta
Giro d'Italia,130,BYSTRØM Sven Erik,Groupama - FDJ
Giro d'Italia,131,LIEPIŅŠ Emīls,Q36.5 Pro Cycling Team
Giro d'Italia,132,ČERNÝ Josef,Soudal Quick-Step
Giro d'Italia,133,AFFINI Edoardo,Team Visma | Lease a Bike
Giro d'Italia,134,GUDMESTAD Tord,Decathlon AG2R La Mondiale Team
Giro d'Italia,135,EPIS Giosuè,Arkéa - B&B Hotels
Giro d'Italia,136,HAYTER Ethan,Soudal Quick-Step
Giro d'Italia,137,DAVY Clément,Groupama - FDJ
Giro d'Italia,138,MOZZATO Luca,Arkéa - B&B Hotels
Giro d'Italia,139,MAAS Jan,Cofidis
Giro d'Italia,140,DEBEAUMARCHÉ Nicolas,Cofidis
Giro d'Italia,141,PIETROBON Andrea,Team Polti VisitMalta
Giro d'Italia,142,GOVEKAR Matevž,Bahrain - Victorious
Giro d'Italia,143,HEPBURN Michael,Team Jayco AlUla
Giro d'Italia,144,MUÑOZ Francisco,Team Polti VisitMalta
Giro d'Italia,145,BENNETT Sam,Decathlon AG2R La Mondiale Team
Giro d'Italia,146,LAMPERTI Luke,Soudal Quick-Step
Giro d'Italia,147,KUZMIN Anton,XDS Astana Team
Giro d'Italia,148,EDMONDSON Alex,Team Picnic PostNL
Giro d'Italia,149,KOOIJ Olav,Team Visma | Lease a Bike
Giro d'Italia,150,VAN UDEN Casper,Team Picnic PostNL
Giro d'Italia,151,ZANONCELLO Enrico,VF Group - Bardiani CSF - Faizanè
Giro d'Italia,152,MOSCHETTI Matteo,Q36.5 Pro Cycling Team
Giro d'Italia,153,VAN HOECKE Gijs,Intermarché - Wanty
Giro d'Italia,154,ZIJLAARD Maikel,Tudor Pro Cycling Team
Giro d'Italia,155,VAN DER HOORN Taco,Intermarché - Wanty
Giro d'Italia,156,MÄRKL Niklas,Team Picnic PostNL
Giro d'Italia,157,THIJSSEN Gerben,Intermarché - Wanty
Giro d'Italia,158,PLOWRIGHT Jensen,Alpecin - Deceuninck
Giro d'Italia,159,KRIEGER Alexander,Tudor Pro Cycling Team
